{
  "groupId": "com.vulnapp",
  "artifactId": "vulnerable-webapp",
  "version": "0.0.1-SNAPSHOT",
  "type": "jar",
  "scope": "",
  "classifier": "",
  "optional": "false",
  "children": [
    {
      "groupId": "org.springframework.boot",
      "artifactId": "spring-boot-starter-thymeleaf",
      "version": "3.4.0",
      "type": "jar",
      "scope": "compile",
      "classifier": "",
      "optional": "false",
      "children": [
        {
          "groupId": "org.springframework.boot",
          "artifactId": "spring-boot-starter",
          "version": "3.4.0",
          "type": "jar",
          "scope": "compile",
          "classifier": "",
          "optional": "false",
          "children": [
            {
              "groupId": "org.springframework.boot",
              "artifactId": "spring-boot",
              "version": "3.4.0",
              "type": "jar",
              "scope": "compile",
              "classifier": "",
              "optional": "false"
            },
            {
              "groupId": "org.springframework.boot",
              "artifactId": "spring-boot-autoconfigure",
              "version": "3.4.0",
              "type": "jar",
              "scope": "compile",
              "classifier": "",
              "optional": "false"
            },
            {
              "groupId": "org.springframework.boot",
              "artifactId": "spring-boot-starter-logging",
              "version": "3.4.0",
              "type": "jar",
              "scope": "compile",
              "classifier": "",
              "optional": "false",
              "children": [
                {
                  "groupId": "ch.qos.logback",
                  "artifactId": "logback-classic",
                  "version": "1.5.12",
                  "type": "jar",
                  "scope": "compile",
                  "classifier": "",
                  "optional": "false",
                  "children": [
                    {
                      "groupId": "ch.qos.logback",
                      "artifactId": "logback-core",
                      "version": "1.5.12",
                      "type": "jar",
                      "scope": "compile",
                      "classifier": "",
                      "optional": "false"
                    }
                    ]
                },
                {
                  "groupId": "org.apache.logging.log4j",
                  "artifactId": "log4j-to-slf4j",
                  "version": "2.24.1",
                  "type": "jar",
                  "scope": "compile",
                  "classifier": "",
                  "optional": "false",
                  "children": [
                    {
                      "groupId": "org.apache.logging.log4j",
                      "artifactId": "log4j-api",
                      "version": "2.24.1",
                      "type": "jar",
                      "scope": "compile",
                      "classifier": "",
                      "optional": "false"
                    }
                    ]
                },
                {
                  "groupId": "org.slf4j",
                  "artifactId": "jul-to-slf4j",
                  "version": "2.0.16",
                  "type": "jar",
                  "scope": "compile",
                  "classifier": "",
                  "optional": "false"
                }
                ]
            },
            {
              "groupId": "jakarta.annotation",
              "artifactId": "jakarta.annotation-api",
              "version": "2.1.1",
              "type": "jar",
              "scope": "compile",
              "classifier": "",
              "optional": "false"
            },
            {
              "groupId": "org.yaml",
              "artifactId": "snakeyaml",
              "version": "2.3",
              "type": "jar",
              "scope": "compile",
              "classifier": "",
              "optional": "false"
            }
            ]
        },
        {
          "groupId": "org.thymeleaf",
          "artifactId": "thymeleaf-spring6",
          "version": "3.1.2.RELEASE",
          "type": "jar",
          "scope": "compile",
          "classifier": "",
          "optional": "false",
          "children": [
            {
              "groupId": "org.thymeleaf",
              "artifactId": "thymeleaf",
              "version": "3.1.2.RELEASE",
              "type": "jar",
              "scope": "compile",
              "classifier": "",
              "optional": "false",
              "children": [
                {
                  "groupId": "org.attoparser",
                  "artifactId": "attoparser",
                  "version": "2.0.7.RELEASE",
                  "type": "jar",
                  "scope": "compile",
                  "classifier": "",
                  "optional": "false"
                },
                {
                  "groupId": "org.unbescape",
                  "artifactId": "unbescape",
                  "version": "1.1.6.RELEASE",
                  "type": "jar",
                  "scope": "compile",
                  "classifier": "",
                  "optional": "false"
                }
                ]
            },
            {
              "groupId": "org.slf4j",
              "artifactId": "slf4j-api",
              "version": "2.0.16",
              "type": "jar",
              "scope": "compile",
              "classifier": "",
              "optional": "false"
            }
            ]
        }
        ]
    },
    {
      "groupId": "org.springframework.boot",
      "artifactId": "spring-boot-starter-data-jpa",
      "version": "3.4.0",
      "type": "jar",
      "scope": "compile",
      "classifier": "",
      "optional": "false",
      "children": [
        {
          "groupId": "org.springframework.boot",
          "artifactId": "spring-boot-starter-jdbc",
          "version": "3.4.0",
          "type": "jar",
          "scope": "compile",
          "classifier": "",
          "optional": "false",
          "children": [
            {
              "groupId": "com.zaxxer",
              "artifactId": "HikariCP",
              "version": "5.1.0",
              "type": "jar",
              "scope": "compile",
              "classifier": "",
              "optional": "false"
            },
            {
              "groupId": "org.springframework",
              "artifactId": "spring-jdbc",
              "version": "6.2.0",
              "type": "jar",
              "scope": "compile",
              "classifier": "",
              "optional": "false"
            }
            ]
        },
        {
          "groupId": "org.hibernate.orm",
          "artifactId": "hibernate-core",
          "version": "6.6.2.Final",
          "type": "jar",
          "scope": "compile",
          "classifier": "",
          "optional": "false",
          "children": [
            {
              "groupId": "jakarta.persistence",
              "artifactId": "jakarta.persistence-api",
              "version": "3.1.0",
              "type": "jar",
              "scope": "compile",
              "classifier": "",
              "optional": "false"
            },
            {
              "groupId": "jakarta.transaction",
              "artifactId": "jakarta.transaction-api",
              "version": "2.0.1",
              "type": "jar",
              "scope": "compile",
              "classifier": "",
              "optional": "false"
            },
            {
              "groupId": "org.jboss.logging",
              "artifactId": "jboss-logging",
              "version": "3.6.1.Final",
              "type": "jar",
              "scope": "runtime",
              "classifier": "",
              "optional": "false"
            },
            {
              "groupId": "org.hibernate.common",
              "artifactId": "hibernate-commons-annotations",
              "version": "7.0.3.Final",
              "type": "jar",
              "scope": "runtime",
              "classifier": "",
              "optional": "false"
            },
            {
              "groupId": "io.smallrye",
              "artifactId": "jandex",
              "version": "3.2.0",
              "type": "jar",
              "scope": "runtime",
              "classifier": "",
              "optional": "false"
            },
            {
              "groupId": "com.fasterxml",
              "artifactId": "classmate",
              "version": "1.7.0",
              "type": "jar",
              "scope": "runtime",
              "classifier": "",
              "optional": "false"
            },
            {
              "groupId": "net.bytebuddy",
              "artifactId": "byte-buddy",
              "version": "1.15.10",
              "type": "jar",
              "scope": "runtime",
              "classifier": "",
              "optional": "false"
            },
            {
              "groupId": "org.glassfish.jaxb",
              "artifactId": "jaxb-runtime",
              "version": "4.0.5",
              "type": "jar",
              "scope": "runtime",
              "classifier": "",
              "optional": "false",
              "children": [
                {
                  "groupId": "org.glassfish.jaxb",
                  "artifactId": "jaxb-core",
                  "version": "4.0.5",
                  "type": "jar",
                  "scope": "runtime",
                  "classifier": "",
                  "optional": "false",
                  "children": [
                    {
                      "groupId": "org.eclipse.angus",
                      "artifactId": "angus-activation",
                      "version": "2.0.2",
                      "type": "jar",
                      "scope": "runtime",
                      "classifier": "",
                      "optional": "false"
                    },
                    {
                      "groupId": "org.glassfish.jaxb",
                      "artifactId": "txw2",
                      "version": "4.0.5",
                      "type": "jar",
                      "scope": "runtime",
                      "classifier": "",
                      "optional": "false"
                    },
                    {
                      "groupId": "com.sun.istack",
                      "artifactId": "istack-commons-runtime",
                      "version": "4.1.2",
                      "type": "jar",
                      "scope": "runtime",
                      "classifier": "",
                      "optional": "false"
                    }
                    ]
                }
                ]
            },
            {
              "groupId": "jakarta.inject",
              "artifactId": "jakarta.inject-api",
              "version": "2.0.1",
              "type": "jar",
              "scope": "runtime",
              "classifier": "",
              "optional": "false"
            },
            {
              "groupId": "org.antlr",
              "artifactId": "antlr4-runtime",
              "version": "4.13.0",
              "type": "jar",
              "scope": "compile",
              "classifier": "",
              "optional": "false"
            }
            ]
        },
        {
          "groupId": "org.springframework.data",
          "artifactId": "spring-data-jpa",
          "version": "3.4.0",
          "type": "jar",
          "scope": "compile",
          "classifier": "",
          "optional": "false",
          "children": [
            {
              "groupId": "org.springframework.data",
              "artifactId": "spring-data-commons",
              "version": "3.4.0",
              "type": "jar",
              "scope": "compile",
              "classifier": "",
              "optional": "false"
            },
            {
              "groupId": "org.springframework",
              "artifactId": "spring-orm",
              "version": "6.2.0",
              "type": "jar",
              "scope": "compile",
              "classifier": "",
              "optional": "false"
            },
            {
              "groupId": "org.springframework",
              "artifactId": "spring-context",
              "version": "6.2.0",
              "type": "jar",
              "scope": "compile",
              "classifier": "",
              "optional": "false"
            },
            {
              "groupId": "org.springframework",
              "artifactId": "spring-tx",
              "version": "6.2.0",
              "type": "jar",
              "scope": "compile",
              "classifier": "",
              "optional": "false"
            },
            {
              "groupId": "org.springframework",
              "artifactId": "spring-beans",
              "version": "6.2.0",
              "type": "jar",
              "scope": "compile",
              "classifier": "",
              "optional": "false"
            }
            ]
        },
        {
          "groupId": "org.springframework",
          "artifactId": "spring-aspects",
          "version": "6.2.0",
          "type": "jar",
          "scope": "compile",
          "classifier": "",
          "optional": "false",
          "children": [
            {
              "groupId": "org.aspectj",
              "artifactId": "aspectjweaver",
              "version": "1.9.22.1",
              "type": "jar",
              "scope": "compile",
              "classifier": "",
              "optional": "false"
            }
            ]
        }
        ]
    },
    {
      "groupId": "org.springframework.boot",
      "artifactId": "spring-boot-starter-security",
      "version": "3.4.0",
      "type": "jar",
      "scope": "compile",
      "classifier": "",
      "optional": "false",
      "children": [
        {
          "groupId": "org.springframework",
          "artifactId": "spring-aop",
          "version": "6.2.0",
          "type": "jar",
          "scope": "compile",
          "classifier": "",
          "optional": "false"
        },
        {
          "groupId": "org.springframework.security",
          "artifactId": "spring-security-config",
          "version": "6.4.1",
          "type": "jar",
          "scope": "compile",
          "classifier": "",
          "optional": "false"
        },
        {
          "groupId": "org.springframework.security",
          "artifactId": "spring-security-web",
          "version": "6.4.1",
          "type": "jar",
          "scope": "compile",
          "classifier": "",
          "optional": "false",
          "children": [
            {
              "groupId": "org.springframework",
              "artifactId": "spring-expression",
              "version": "6.2.0",
              "type": "jar",
              "scope": "compile",
              "classifier": "",
              "optional": "false"
            }
            ]
        }
        ]
    },
    {
      "groupId": "org.springframework.boot",
      "artifactId": "spring-boot-starter-web",
      "version": "3.4.0",
      "type": "jar",
      "scope": "compile",
      "classifier": "",
      "optional": "false",
      "children": [
        {
          "groupId": "org.springframework.boot",
          "artifactId": "spring-boot-starter-json",
          "version": "3.4.0",
          "type": "jar",
          "scope": "compile",
          "classifier": "",
          "optional": "false",
          "children": [
            {
              "groupId": "com.fasterxml.jackson.datatype",
              "artifactId": "jackson-datatype-jdk8",
              "version": "2.18.1",
              "type": "jar",
              "scope": "compile",
              "classifier": "",
              "optional": "false"
            },
            {
              "groupId": "com.fasterxml.jackson.datatype",
              "artifactId": "jackson-datatype-jsr310",
              "version": "2.18.1",
              "type": "jar",
              "scope": "compile",
              "classifier": "",
              "optional": "false"
            },
            {
              "groupId": "com.fasterxml.jackson.module",
              "artifactId": "jackson-module-parameter-names",
              "version": "2.18.1",
              "type": "jar",
              "scope": "compile",
              "classifier": "",
              "optional": "false"
            }
            ]
        },
        {
          "groupId": "org.springframework.boot",
          "artifactId": "spring-boot-starter-tomcat",
          "version": "3.4.0",
          "type": "jar",
          "scope": "compile",
          "classifier": "",
          "optional": "false",
          "children": [
            {
              "groupId": "org.apache.tomcat.embed",
              "artifactId": "tomcat-embed-core",
              "version": "10.1.33",
              "type": "jar",
              "scope": "compile",
              "classifier": "",
              "optional": "false"
            },
            {
              "groupId": "org.apache.tomcat.embed",
              "artifactId": "tomcat-embed-el",
              "version": "10.1.33",
              "type": "jar",
              "scope": "compile",
              "classifier": "",
              "optional": "false"
            },
            {
              "groupId": "org.apache.tomcat.embed",
              "artifactId": "tomcat-embed-websocket",
              "version": "10.1.33",
              "type": "jar",
              "scope": "compile",
              "classifier": "",
              "optional": "false"
            }
            ]
        },
        {
          "groupId": "org.springframework",
          "artifactId": "spring-web",
          "version": "6.2.0",
          "type": "jar",
          "scope": "compile",
          "classifier": "",
          "optional": "false",
          "children": [
            {
              "groupId": "io.micrometer",
              "artifactId": "micrometer-observation",
              "version": "1.14.1",
              "type": "jar",
              "scope": "compile",
              "classifier": "",
              "optional": "false",
              "children": [
                {
                  "groupId": "io.micrometer",
                  "artifactId": "micrometer-commons",
                  "version": "1.14.1",
                  "type": "jar",
                  "scope": "compile",
                  "classifier": "",
                  "optional": "false"
                }
                ]
            }
            ]
        },
        {
          "groupId": "org.springframework",
          "artifactId": "spring-webmvc",
          "version": "6.2.0",
          "type": "jar",
          "scope": "compile",
          "classifier": "",
          "optional": "false"
        }
        ]
    },
    {
      "groupId": "com.h2database",
      "artifactId": "h2",
      "version": "2.3.232",
      "type": "jar",
      "scope": "runtime",
      "classifier": "",
      "optional": "false"
    },
    {
      "groupId": "org.projectlombok",
      "artifactId": "lombok",
      "version": "1.18.36",
      "type": "jar",
      "scope": "compile",
      "classifier": "",
      "optional": "true"
    },
    {
      "groupId": "org.springframework.boot",
      "artifactId": "spring-boot-starter-test",
      "version": "3.4.0",
      "type": "jar",
      "scope": "test",
      "classifier": "",
      "optional": "false",
      "children": [
        {
          "groupId": "org.springframework.boot",
          "artifactId": "spring-boot-test",
          "version": "3.4.0",
          "type": "jar",
          "scope": "test",
          "classifier": "",
          "optional": "false"
        },
        {
          "groupId": "org.springframework.boot",
          "artifactId": "spring-boot-test-autoconfigure",
          "version": "3.4.0",
          "type": "jar",
          "scope": "test",
          "classifier": "",
          "optional": "false"
        },
        {
          "groupId": "com.jayway.jsonpath",
          "artifactId": "json-path",
          "version": "2.9.0",
          "type": "jar",
          "scope": "test",
          "classifier": "",
          "optional": "false"
        },
        {
          "groupId": "jakarta.xml.bind",
          "artifactId": "jakarta.xml.bind-api",
          "version": "4.0.2",
          "type": "jar",
          "scope": "runtime",
          "classifier": "",
          "optional": "false",
          "children": [
            {
              "groupId": "jakarta.activation",
              "artifactId": "jakarta.activation-api",
              "version": "2.1.3",
              "type": "jar",
              "scope": "runtime",
              "classifier": "",
              "optional": "false"
            }
            ]
        },
        {
          "groupId": "net.minidev",
          "artifactId": "json-smart",
          "version": "2.5.1",
          "type": "jar",
          "scope": "test",
          "classifier": "",
          "optional": "false",
          "children": [
            {
              "groupId": "net.minidev",
              "artifactId": "accessors-smart",
              "version": "2.5.1",
              "type": "jar",
              "scope": "test",
              "classifier": "",
              "optional": "false",
              "children": [
                {
                  "groupId": "org.ow2.asm",
                  "artifactId": "asm",
                  "version": "9.6",
                  "type": "jar",
                  "scope": "test",
                  "classifier": "",
                  "optional": "false"
                }
                ]
            }
            ]
        },
        {
          "groupId": "org.assertj",
          "artifactId": "assertj-core",
          "version": "3.26.3",
          "type": "jar",
          "scope": "test",
          "classifier": "",
          "optional": "false"
        },
        {
          "groupId": "org.awaitility",
          "artifactId": "awaitility",
          "version": "4.2.2",
          "type": "jar",
          "scope": "test",
          "classifier": "",
          "optional": "false"
        },
        {
          "groupId": "org.hamcrest",
          "artifactId": "hamcrest",
          "version": "2.2",
          "type": "jar",
          "scope": "test",
          "classifier": "",
          "optional": "false"
        },
        {
          "groupId": "org.junit.jupiter",
          "artifactId": "junit-jupiter",
          "version": "5.11.3",
          "type": "jar",
          "scope": "test",
          "classifier": "",
          "optional": "false",
          "children": [
            {
              "groupId": "org.junit.jupiter",
              "artifactId": "junit-jupiter-api",
              "version": "5.11.3",
              "type": "jar",
              "scope": "test",
              "classifier": "",
              "optional": "false",
              "children": [
                {
                  "groupId": "org.opentest4j",
                  "artifactId": "opentest4j",
                  "version": "1.3.0",
                  "type": "jar",
                  "scope": "test",
                  "classifier": "",
                  "optional": "false"
                },
                {
                  "groupId": "org.junit.platform",
                  "artifactId": "junit-platform-commons",
                  "version": "1.11.3",
                  "type": "jar",
                  "scope": "test",
                  "classifier": "",
                  "optional": "false"
                },
                {
                  "groupId": "org.apiguardian",
                  "artifactId": "apiguardian-api",
                  "version": "1.1.2",
                  "type": "jar",
                  "scope": "test",
                  "classifier": "",
                  "optional": "false"
                }
                ]
            },
            {
              "groupId": "org.junit.jupiter",
              "artifactId": "junit-jupiter-params",
              "version": "5.11.3",
              "type": "jar",
              "scope": "test",
              "classifier": "",
              "optional": "false"
            },
            {
              "groupId": "org.junit.jupiter",
              "artifactId": "junit-jupiter-engine",
              "version": "5.11.3",
              "type": "jar",
              "scope": "test",
              "classifier": "",
              "optional": "false",
              "children": [
                {
                  "groupId": "org.junit.platform",
                  "artifactId": "junit-platform-engine",
                  "version": "1.11.3",
                  "type": "jar",
                  "scope": "test",
                  "classifier": "",
                  "optional": "false"
                }
                ]
            }
            ]
        },
        {
          "groupId": "org.mockito",
          "artifactId": "mockito-core",
          "version": "5.14.2",
          "type": "jar",
          "scope": "test",
          "classifier": "",
          "optional": "false",
          "children": [
            {
              "groupId": "net.bytebuddy",
              "artifactId": "byte-buddy-agent",
              "version": "1.15.10",
              "type": "jar",
              "scope": "test",
              "classifier": "",
              "optional": "false"
            },
            {
              "groupId": "org.objenesis",
              "artifactId": "objenesis",
              "version": "3.3",
              "type": "jar",
              "scope": "test",
              "classifier": "",
              "optional": "false"
            }
            ]
        },
        {
          "groupId": "org.mockito",
          "artifactId": "mockito-junit-jupiter",
          "version": "5.14.2",
          "type": "jar",
          "scope": "test",
          "classifier": "",
          "optional": "false"
        },
        {
          "groupId": "org.skyscreamer",
          "artifactId": "jsonassert",
          "version": "1.5.3",
          "type": "jar",
          "scope": "test",
          "classifier": "",
          "optional": "false",
          "children": [
            {
              "groupId": "com.vaadin.external.google",
              "artifactId": "android-json",
              "version": "0.0.20131108.vaadin1",
              "type": "jar",
              "scope": "test",
              "classifier": "",
              "optional": "false"
            }
            ]
        },
        {
          "groupId": "org.springframework",
          "artifactId": "spring-core",
          "version": "6.2.0",
          "type": "jar",
          "scope": "compile",
          "classifier": "",
          "optional": "false",
          "children": [
            {
              "groupId": "org.springframework",
              "artifactId": "spring-jcl",
              "version": "6.2.0",
              "type": "jar",
              "scope": "compile",
              "classifier": "",
              "optional": "false"
            }
            ]
        },
        {
          "groupId": "org.springframework",
          "artifactId": "spring-test",
          "version": "6.2.0",
          "type": "jar",
          "scope": "test",
          "classifier": "",
          "optional": "false"
        },
        {
          "groupId": "org.xmlunit",
          "artifactId": "xmlunit-core",
          "version": "2.10.0",
          "type": "jar",
          "scope": "test",
          "classifier": "",
          "optional": "false"
        }
        ]
    },
    {
      "groupId": "org.springframework.security",
      "artifactId": "spring-security-test",
      "version": "6.4.1",
      "type": "jar",
      "scope": "test",
      "classifier": "",
      "optional": "false",
      "children": [
        {
          "groupId": "org.springframework.security",
          "artifactId": "spring-security-core",
          "version": "6.4.1",
          "type": "jar",
          "scope": "compile",
          "classifier": "",
          "optional": "false",
          "children": [
            {
              "groupId": "org.springframework.security",
              "artifactId": "spring-security-crypto",
              "version": "6.4.1",
              "type": "jar",
              "scope": "compile",
              "classifier": "",
              "optional": "false"
            }
            ]
        }
        ]
    },
    {
      "groupId": "io.jsonwebtoken",
      "artifactId": "jjwt-api",
      "version": "0.11.5",
      "type": "jar",
      "scope": "compile",
      "classifier": "",
      "optional": "false"
    },
    {
      "groupId": "io.jsonwebtoken",
      "artifactId": "jjwt-impl",
      "version": "0.11.5",
      "type": "jar",
      "scope": "runtime",
      "classifier": "",
      "optional": "false"
    },
    {
      "groupId": "io.jsonwebtoken",
      "artifactId": "jjwt-jackson",
      "version": "0.11.5",
      "type": "jar",
      "scope": "runtime",
      "classifier": "",
      "optional": "false",
      "children": [
        {
          "groupId": "com.fasterxml.jackson.core",
          "artifactId": "jackson-databind",
          "version": "2.18.1",
          "type": "jar",
          "scope": "compile",
          "classifier": "",
          "optional": "false",
          "children": [
            {
              "groupId": "com.fasterxml.jackson.core",
              "artifactId": "jackson-annotations",
              "version": "2.18.1",
              "type": "jar",
              "scope": "compile",
              "classifier": "",
              "optional": "false"
            },
            {
              "groupId": "com.fasterxml.jackson.core",
              "artifactId": "jackson-core",
              "version": "2.18.1",
              "type": "jar",
              "scope": "compile",
              "classifier": "",
              "optional": "false"
            }
            ]
        }
        ]
    }
    ]
}
